{
  "$schema": "./data_schema.json",
  "JSON Version": "2.23.0",
  "JSON Date": "2024-08-30",
  "Contributers": [
    "-Jinxy-",
    "Daernaro",
    "Darizard",
    "DatGek",
    "Happyrobot33",
    "Heather May",
    "Igneoun",
    "IlChiporiAlbino",
    "Krazen",
    "Literally Marty",
    "Mattshark89",
    "Morghus",
    "NTM3193",
    "OrcaToaster",
    "Roimu",
    "Slash0x",
    "fundale",
    "mackandelius",
    "Eglantine",
    "~EmberVR~",
    "Nanireid101",
    "Mіcca",
    "FunnelVision",
    "PhoenixFallen",
    "-Dark-Spirit-",
    "Mike Da Bird",
    "dasnull",
    "Polaris°",
    "Vexprimagen",
    "Purpzie"
  ],
  "Bases": {
    "Kitavali": {
      "Original": {
        "Name": "Kitavali",
        "Creator": "Rai Kitamatsu",
        "Introducer": "Happyrobot33",
        "Hash": [
          "234133961v2"
        ],
        "Weight": 1,
        "WingtipOffset": 6.6
      }
    },
    "Batdal": {
      "Original": {
        "Name": "Batdal",
        "Creator": "Nicoreda",
        "Introducer": "Happyrobot33",
        "Hash": [
          "-1977644388v2"
        ],
        "Weight": 1,
        "WingtipOffset": 5.0
      }
    },
    "Chimera Recon": {
      "Original": {
        "Name": "Chimera Recon",
        "Creator": "Lackofbindings",
        "Introducer": "Happyrobot33",
        "Hash": [
          "-1196345180v2"
        ],
        "Weight": 1,
        "WingtipOffset": 1.0
      }
    },
    "Jerry": {
      "Original": {
        "Name": "Jerry [Avali]",
        "Creator": "Rai Kitamatsu",
        "Introducer": "Happyrobot33",
        "Hash": [
          "1324149349v2"
        ],
        "Weight": 1,
        "WingtipOffset": 4.05
      }
    },
    "Rosa'vali": {
      "Original": {
        "Name": "Rosa'vali",
        "Creator": "Rosebur",
        "Introducer": "Happyrobot33",
        "Hash": [
          "1582207921v2"
        ],
        "Weight": 1,
        "WingtipOffset": 3
      }
    },
    "Chibi Avali": {
      "Original": {
        "Name": "Chibi Avali",
        "Creator": "【Pͦoͭlͭyͬ】",
        "Introducer": "Happyrobot33",
        "Hash": [
          "-277689357v2"
        ],
        "Weight": 1,
        "WingtipOffset": 0.0
      }
    },
    "Aerogen": {
      "Original": {
        "Name": "Aerogen",
        "Creator": "Rosebur",
        "Introducer": "Happyrobot33",
        "Hash": [
          "1189110379v2"
        ],
        "Weight": 1,
        "WingtipOffset": 2.0
      }
    },
    "Royal Avali": {
      "Original": {
        "Name": "Royal Avali",
        "Creator": "Octupus King",
        "Introducer": "Happyrobot33",
        "Hash": [
          "1819772288v2"
        ],
        "Weight": 1,
        "WingtipOffset": 0.0
      }
    },
    "Minecraft Avali": {
      "Original": {
        "Name": "Minecraft Avali",
        "Creator": "K_Reshi",
        "Introducer": "Happyrobot33",
        "Hash": [
          "-137572979v2"
        ],
        "Weight": 1,
        "WingtipOffset": 0.0
      }
    },
    "Mechanical Avali": {
      "Original": {
        "Name": "Mechanical Avali",
        "Creator": "AngriestSCV",
        "Introducer": "Happyrobot33",
        "Hash": [
          "666213272v2"
        ],
        "Weight": 1,
        "WingtipOffset": 0.0
      }
    },
    "BotVali": {
      "Original": {
        "Name": "BotVali",
        "Creator": "Sillurgy",
        "Introducer": "Happyrobot33",
        "Hash": [
          "-1152420328v2"
        ],
        "Weight": 1,
        "WingtipOffset": 1.0
      }
    },
    "Pooltoy Avali": {
      "Original": {
        "Name": "Pooltoy Avali",
        "Creator": "ModernBalloonie",
        "Introducer": "Happyrobot33",
        "Hash": [
          "-5390243v2"
        ],
        "Weight": 1,
        "WingtipOffset": 2.7
      }
    },
    "Pooltoy Da'vali": {
      "Original": {
        "Name": "Pooltoy Da'vali",
        "Creator": "Maitake Inu",
        "Introducer": "Happyrobot33",
        "Hash": [
          "2014277989v2"
        ],
        "Weight": 1,
        "WingtipOffset": 1.54
      }
    },
    "Da'vali": {
      "Original": {
        "Name": "Da'vali",
        "Creator": "Rai Kitamatsu",
        "Introducer": "Mattshark89",
        "Hash": [
          "-1463139696v2"
        ],
        "Weight": 1,
        "WingtipOffset": 1.7
      }
    },
    "Javali": {
      "Original": {
        "Name": "Javali",
        "Creator": "Javenchi",
        "Introducer": "Happyrobot33",
        "Hash": [
          "-441892162v2"
        ],
        "Weight": 1,
        "WingtipOffset": 3.0
      },
      "JaReverse": {
        "Name": "JaReverse",
        "Creator": "Webserfer/Javenchi/VictonRoy",
        "Introducer": "Happyrobot33",
        "Hash": [
          "-1169853867v2"
        ],
        "Weight": 1,
        "WingtipOffset": 3.3
      }
    },
    "Nexa'vali": {
      "Original": {
        "Name": "Nexa'vali",
        "Creator": "Angelboy",
        "Introducer": "Happyrobot33",
        "Hash": [
          "293252502v2",
          "1042603441v2",
          "-1520979602v2"
        ],
        "Weight": 1,
        "WingtipOffset": 2.7
      }
    },
    "Seeker Avali": {
      "Original": {
        "Name": "Seeker Avali",
        "Creator": "Star-Max",
        "Introducer": "Happyrobot33",
        "Hash": [
          "-860693031v2"
        ],
        "Weight": 1,
        "WingtipOffset": 8.0
      }
    },
    "Lorc'Avali": {
      "Original": {
        "Name": "Lorc'Avali",
        "Creator": "LocanTheAvali",
        "Introducer": "Happyrobot33",
        "Hash": [
          "1900199170v2"
        ],
        "Weight": 1,
        "WingtipOffset": 7.1
      }
    },
    "Nuk'Vali": {
      "Original": {
        "Name": "Nuk'Vali",
        "Creator": "Nukude",
        "Introducer": "Happyrobot33",
        "Hash": [
          "917941807v2"
        ],
        "Weight": 1,
        "WingtipOffset": 5.6
      }
    },
    "NatVali": {
      "Original": {
        "Name": "NatVali",
        "Creator": "Natval",
        "Introducer": "Happyrobot33",
        "Hash": [
          "-672767444v2"
        ],
        "Weight": 1,
        "WingtipOffset": 0.0
      }
    },
    "Reverse NatVali": {
      "Original": {
        "Name": "Reverse NatVali",
        "Creator": "Natval",
        "Introducer": "Happyrobot33",
        "Hash": [
          "687939090v2"
        ],
        "Weight": 1,
        "WingtipOffset": 0.0
      }
    },
    "Reverse Avali": {
      "Original": {
        "Name": "Reverse Avali",
        "Creator": "VictonRoy",
        "Introducer": "Happyrobot33",
        "Hash": [
          "-1678847866v2"
        ],
        "Weight": 1,
        "WingtipOffset": 1.3
      },
      "Modified": {
        "Name": "Reverse Avali",
        "Creator": "VictonRoy / farfelu",
        "Introducer": "Heather May",
        "Hash": [
          "-1731617419v2"
        ],
        "Weight": 1,
        "WingtipOffset": 2.28
      },
      "Webserfer Alteration": {
        "Name": "Reverse Avali",
        "Creator": "VictonRoy / Webserfer",
        "Introducer": "Webserfer",
        "Hash": [
          "-597043440v2"
        ],
        "Weight": 1,
        "WingtipOffset": 4.5
      }
    },
    "EVA Avali": {
      "Original": {
        "Name": "EVA Avali",
        "Creator": "Frownytown",
        "Introducer": "Happyrobot33",
        "Hash": [
          "-1365888474v2"
        ],
        "Weight": 1,
        "WingtipOffset": 0.0
      }
    },
    "Corvali": {
      "Original": {
        "Name": "Corvali / Avali 1.3",
        "Creator": "Frownytown / FlowerBunny",
        "Introducer": "Happyrobot33",
        "Hash": [
          "1858127952v2"
        ],
        "Weight": 1,
        "WingtipOffset": 1.2
      }
    },
    "Starbound Avali": {
      "Original": {
        "Name": "Starbound Avali",
        "Creator": "McArdellje",
        "Introducer": "Happyrobot33",
        "Hash": [
          "-1088515536v2"
        ],
        "Weight": 1,
        "WingtipOffset": 0.0
      }
    },
    "Swaria": {
      "Original": {
        "Name": "Swaria",
        "Creator": "ForestWind",
        "Introducer": "Happyrobot33",
        "Hash": [
          "1529029896v2"
        ],
        "Weight": 1,
        "WingtipOffset": 20.0
      }
    },
    "Shade Owl": {
      "Original": {
        "Name": "Shade Owl",
        "Creator": "ForestWind",
        "Introducer": "Happyrobot33",
        "Hash": [
          "-1469156464v2"
        ],
        "Weight": 1,
        "WingtipOffset": 9.74
      }
    },
    "Flutevali": {
      "1.1": {
        "Name": "Flutevali v1.1",
        "Creator": "FluteBirdie",
        "Introducer": "Heather May",
        "Hash": [
          "826883716v2"
        ],
        "Weight": 1,
        "WingtipOffset": 3.71
      },
      "2 Beta": {
        "Name": "Flutevali v2 Beta",
        "Creator": "FluteBirdie",
        "Introducer": "Heather May",
        "Hash": [
          "-303321714v2"
        ],
        "Weight": 1,
        "WingtipOffset": 7.16
      }
    },
    "Chipori": {
      "Original": {
        "Name": "Chipori",
        "Creator": "Hobbert",
        "Introducer": "DatGek",
        "Hash": [
          "1847064403v2"
        ],
        "Weight": 1,
        "WingtipOffset": 3.81
      }
    },
    "Avali Plushie": {
      "Original": {
        "Name": "Avali Plushie",
        "Creator": "Maitake",
        "Introducer": "DatGek",
        "Hash": [
          "-1643569577v2"
        ],
        "Weight": 1,
        "WingtipOffset": 0.0
      }
    },
    "Bitty Bat": {
      "Original": {
        "Name": "Bitty Bat",
        "Creator": "Thingy",
        "Introducer": "DatGek",
        "Hash": [
          "1752661837v2"
        ],
        "Weight": 1,
        "WingtipOffset": 4.98
      }
    },
    "Fowl": {
      "Original": {
        "Name": "Fowl",
        "Creator": "ForestWind",
        "Introducer": "DatGek",
        "Hash": [
          "-120118457v2"
        ],
        "Weight": 1,
        "WingtipOffset": 15.91
      }
    },
    "Yang Firebird": {
      "Original": {
        "Name": "Yang Firebird",
        "Creator": "ForestWind",
        "Introducer": "DatGek",
        "Hash": [
          "1809557050v2"
        ],
        "Weight": 1,
        "WingtipOffset": 8.5
      }
    },
    "Frankenstein Monster Avali": {
      "Original": {
        "Name": "Frankenstein Monster Avali",
        "Creator": "Various [Doruvon]",
        "Introducer": "Datalink",
        "Hash": [
          "-1647422637v2"
        ],
        "Weight": 1,
        "WingtipOffset": 3.0
      }
    },
    "Sorawatari": {
      "Original": {
        "Name": "Sorawatari",
        "Creator": "ForestWind",
        "Introducer": "Roimu",
        "Hash": [
          "-1556002986v2"
        ],
        "Weight": 1,
        "WingtipOffset": 0
      }
    },
    "Lippia": {
      "Original": {
        "Name": "Lippia",
        "Creator": "ForestWind",
        "Introducer": "Roimu",
        "Hash": [
          "-354624116v2"
        ],
        "Weight": 1,
        "WingtipOffset": 0
      }
    },
    "Harmir": {
      "Original": {
        "Name": "Harmir",
        "Creator": "Teaf",
        "Introducer": "Heather May",
        "Hash": [
          "-2007130624v2"
        ],
        "Weight": 1,
        "WingtipOffset": 7.59
      }
    },
    "Nico": {
      "Original": {
        "Name": "Nico",
        "Creator": "Tokiha (Gin Karasawa)",
        "Introducer": "Heather May",
        "Hash": [
          "-618014635v2"
        ],
        "Weight": 1,
        "WingtipOffset": 5.79
      }
    },
    "Sufosni": {
      "Original": {
        "Name": "Sufosni",
        "Creator": "aokuro",
        "Introducer": "Heather May",
        "Hash": [
          "1522500207v2"
        ],
        "Weight": 1,
        "WingtipOffset": 5.69
      }
    },
    "Milnunu / Milnonu": {
      "Original": {
        "Name": "Milnunu / Milnonu",
        "Creator": "aokuro",
        "Introducer": "Heather May",
        "Hash": [
          "1925790033v2"
        ],
        "Weight": 1,
        "WingtipOffset": 3.65
      },
      "SD": {
        "Name": "Milnunu SD / Milnonu SD",
        "Creator": "aokuro",
        "Introducer": "Heather May",
        "Hash": [
          "1376157598v2"
        ],
        "Weight": 1,
        "WingtipOffset": 7.7
      }
    },
    "Milnenu": {
      "Original": {
        "Name": "Milnenu",
        "Creator": "aokuro",
        "Introducer": "Heather May",
        "Hash": [
          "-1186408428v2"
        ],
        "Weight": 1,
        "WingtipOffset": 4.53
      },
      "SD": {
        "Name": "Milnenu SD",
        "Creator": "aokuro",
        "Introducer": "Heather May",
        "Hash": [
          "-336806613v2"
        ],
        "Weight": 1,
        "WingtipOffset": 7.12
      }
    },
    "Nenon / Nunon": {
      "Original": {
        "Name": "Nenon / Nunon",
        "Creator": "aokuro",
        "Introducer": "Heather May",
        "Hash": [
          "-1241705933v2"
        ],
        "Weight": 1,
        "WingtipOffset": 4.55
      },
      "Nenon SD": {
        "Name": "Nenon SD",
        "Creator": "aokuro",
        "Introducer": "Heather May",
        "Hash": [
          "1829445921v2"
        ],
        "Weight": 1,
        "WingtipOffset": 11.9
      },
      "Nunon SD": {
        "Name": "Nunon SD",
        "Creator": "aokuro",
        "Introducer": "Heather May",
        "Hash": [
          "-1198798216v2"
        ],
        "Weight": 1,
        "WingtipOffset": 9.98
      }
    },
    "Runapaella": {
      "Original": {
        "Name": "Runapaella",
        "Creator": "aokuro",
        "Introducer": "Heather May",
        "Hash": [
          "-1463277379v2"
        ],
        "Weight": 1,
        "WingtipOffset": 8
      }
    },
    "Necpho": {
      "Original": {
        "Name": "Necpho",
        "Creator": "aokuro",
        "Introducer": "Heather May",
        "Hash": [
          "-1563335000v2"
        ],
        "Weight": 1,
        "WingtipOffset": 6.9
      }
    },
    "2 or 4 Eyed Owl": {
      "Original": {
        "Name": "2 or 4 Eyed Owl",
        "Creator": "Space Birb",
        "Introducer": "Heather May",
        "Hash": [
          "1507547534v2"
        ],
        "Weight": 1,
        "WingtipOffset": 2.0
      }
    },
    "Kuda's Avian": {
      "Original": {
        "Name": "Kuda's Avian",
        "Creator": "Kudalyn's Creations",
        "Introducer": "Heather May",
        "Hash": [
          "718666137v2"
        ],
        "Weight": 1,
        "WingtipOffset": 4.16
      }
    },
    "Avigen": {
      "Original": {
        "Name": "Avigen",
        "Creator": "Mike Da Bird",
        "Introducer": "Heather May",
        "Hash": [
          "-1218808282v2"
        ],
        "Weight": 1,
        "WingtipOffset": 6.0
      }
    },
    "Beriul": {
      "Original": {
        "Name": "ベリウル(Beriul)",
        "Creator": "あまち(Amati)",
        "Introducer": "Heather May",
        "Hash": [
          "-2078421954v2"
        ],
        "Weight": 1,
        "WingtipOffset": 2.5
      }
    },
    "Ragussiel": {
      "Original": {
        "Name": "ラグシエル(Ragussiel)",
        "Creator": "あまち(Amati)",
        "Introducer": "Heather May",
        "Hash": [
          "465108658v2"
        ],
        "Weight": 1,
        "WingtipOffset": 2
      }
    },
    "Nico the Floof": {
      "Original": {
        "Name": "Nico the Floof (Deira Base)",
        "Creator": "Alex The Cat",
        "Introducer": "Heather May",
        "Hash": [
          "1026958829v2"
        ],
        "Weight": 1,
        "WingtipOffset": 7
      },
      "LongNico": {
        "Name": "Nico the Floof (Deira Base)",
        "Creator": "Alex The Cat",
        "Introducer": "Happyrobot33",
        "Hash": [
          "442302703v2"
        ],
        "Weight": 1,
        "WingtipOffset": 7
      },
      "Brin Solace Alteration": {
        "Name": "Nico the Floof",
        "Creator": "Alex The Cat",
        "Introducer": "Heather May",
        "Hash": [
          "-1317976831v2"
        ],
        "Weight": 1,
        "WingtipOffset": 5
      }
    },
    "Petrenkavali (Petvali)": {
      "Original": {
        "Name": "Petrenkavali (Petvali)",
        "Creator": "Stormi Starcrest / Petrenko",
        "Introducer": "Heather May",
        "Hash": [
          "-1706856203v2"
        ],
        "Weight": 1,
        "WingtipOffset": 4.58
      }
    },
    "VRaptor": {
      "Original": {
        "Name": "VRaptor",
        "Creator": "Spaghet / Kaelygon",
        "Introducer": "Heather May",
        "Hash": [
          "599890630v2"
        ],
        "Weight": 1,
        "WingtipOffset": 0.0
      }
    },
    "N64 Avali": {
      "Original": {
        "Name": "N64 Avali",
        "Creator": "Tianta",
        "Introducer": "Datalink",
        "Hash": [
          "-597956488v2"
        ],
        "Weight": 0.75,
        "WingtipOffset": 4
      }
    },
    "Kyliin": {
      "Kyliin Redux": {
        "Name": "Kyliin Redux",
        "Creator": "Avislime",
        "Introducer": "Heather May",
        "Hash": [
          "755266400v2"
        ],
        "Weight": 1,
        "WingtipOffset": 10.5
      }
    },
    "ZWyvern": {
      "ZWyvern": {
        "Name": "ZWyvern",
        "Creator": "Morghus",
        "Introducer": "Literally Marty",
        "Hash": [
          "-843246621v2"
        ],
        "Weight": 1,
        "WingtipOffset": 10.2
      }
    },
    "Nardovern": {
      "Nardovern": {
        "Name": "Nardovern",
        "Creator": "Morghus",
        "Introducer": "Literally Marty",
        "Hash": [
          "518712631v2"
        ],
        "Weight": 1,
        "WingtipOffset": 10.25
      },
      "Stubby NardoBat": {
        "Name": "Stubby NardoBat",
        "Creator": "RezilloRyker / Morghus",
        "Introducer": "Happyrobot33",
        "Hash": [
          "-2038059045v2"
        ],
        "Weight": 1,
        "WingtipOffset": 9.09
      }
    },
    "Maximus Draconis Wyvern": {
      "Original": {
        "Name": "Maximus Draconis Wyvern",
        "Creator": "DragonSkyRunner",
        "Introducer": "MaleusDragon",
        "Hash": [
          "-124394151v2"
        ],
        "Weight": 1,
        "WingtipOffset": 15.75
      }
    },
    "Wyvernis": {
      "Original": {
        "Name": "Wyvernis",
        "Creator": "Tosca / Morghus",
        "Introducer": "Happyrobot33",
        "Hash": [
          "706398633v2"
        ],
        "Weight": 1,
        "WingtipOffset": 6.2
      }
    },
    "Mike'Vali": {
      "Digitigrade": {
        "Name": "Mike'Vali",
        "Creator": "Mike Da Bird",
        "Introducer": "Heather May",
        "Hash": [
          "710186215v2"
        ],
        "Weight": 1,
        "WingtipOffset": 5.5
      },
      "Plantigrade": {
        "Name": "Mike'Vali",
        "Creator": "Mike Da Bird",
        "Introducer": "Heather May",
        "Hash": [
          "499498998v2"
        ],
        "Weight": 1,
        "WingtipOffset": 5.5
      }
    },
    "Wyvernid": {
      "Original": {
        "Name": "Wyvernid V1",
        "Creator": "Tosca / Morghus",
        "Introducer": "Morghus",
        "Hash": [
          "311343967v2"
        ],
        "Weight": 1,
        "WingtipOffset": 7
      }
    },
    "Peacock Wyvern": {
      "Original": {
        "Name": "Peacock Wyvern",
        "Creator": "Donkeysaur",
        "Introducer": "Happyrobot33",
        "Hash": [
          "919960665v2"
        ],
        "Weight": 1,
        "WingtipOffset": 12.14
      }
    },
    "Vernodal": {
      "Original": {
        "Name": "Vernodal",
        "Creator": "Nicoreda / Morghus",
        "Introducer": "Happyrobot33",
        "Hash": [
          "1389610808v2"
        ],
        "Weight": 1,
        "WingtipOffset": 10.00
      }
    },
    "Ao": {
      "Original": {
        "Name": "Ao",
        "Creator": "Miumu",
        "Introducer": "Heather May",
        "Hash": [
          "-2144703365v2"
        ],
        "Weight": 1,
        "WingtipOffset": 1.6
      }
    },
    "Hochumi": {
      "Original": {
        "Name": "Hochumi",
        "Creator": "MOKURI project",
        "Introducer": "Heather May",
        "Hash": [
          "-388025981v2"
        ],
        "Weight": 1,
        "WingtipOffset": 1
      }
    },
    "Sera/Replica": {
      "Original": {
        "Name": "Sera/Replica",
        "Creator": "project_V.B.B",
        "Introducer": "Heather May",
        "Hash": [
          "1218466978v2"
        ],
        "Weight": 1,
        "WingtipOffset": 0
      }
    },
    "Torino": {
      "Original": {
        "Name": "Torino",
        "Creator": "blo",
        "Introducer": "Heather May",
        "Hash": [
          "1261362764v2"
        ],
        "Weight": 1,
        "WingtipOffset": 2.75
      }
    },
    "Iubati": {
      "SDK2": {
        "Name": "Iubati",
        "Creator": "Sparky42",
        "Introducer": "Heather May",
        "Hash": [
          "2102027992v2"
        ],
        "Weight": 1,
        "WingtipOffset": 3.55
      },
      "SDK3": {
        "Name": "Iubati",
        "Creator": "Groxxy",
        "Introducer": "Heather May",
        "Hash": [
          "-2091510322v2"
        ],
        "Weight": 1,
        "WingtipOffset": 5
      }
    },
    "Nubatama Aratame": {
      "Original": {
        "Name": "Nubatama Aratame",
        "Creator": "Nimono-oishi",
        "Introducer": "Heather May",
        "Hash": [
          "989878058v2"
        ],
        "Weight": 1,
        "WingtipOffset": 4
      }
    },
    "Krazen Nardo": {
      "Original": {
        "Name": "Krazen Nardovern - Toggleable Wings",
        "Creator": "Krazen / Morghus",
        "Introducer": "Krazen",
        "Hash": [
          "1967967830v2"
        ],
        "Weight": 1,
        "WingtipOffset": 10.45
      }
    },
    "Guavali": {
      "Original": {
        "Name": "Guavali",
        "Creator": "bluegua",
        "Introducer": "Heather May",
        "Hash": [
          "-1218197994v2"
        ],
        "Weight": 1,
        "WingtipOffset": 1
      }
    },
    "Sear Wyvern": {
      "Original": {
        "Name": "Sear Wyvern",
        "Creator": "Damodragon",
        "Introducer": "Damodragon",
        "Hash": [
          "722027325v2"
        ],
        "Weight": 1,
        "WingtipOffset": 9.5
      }
    },
    "Vargus Wyvern": {
      "Original": {
        "Name": "Vargus Wyvern",
        "Creator": "Morghus, Twisk",
        "Introducer": "Happyrobot33",
        "Hash": [
          "949152736v2"
        ],
        "Weight": 1,
        "WingtipOffset": 9.57
      }
    },
    "Scaled Wyvern": {
      "Original": {
        "Name": "Scaled Wyvern",
        "Creator": "Slash0x",
        "Introducer": "Happyrobot33",
        "Hash": [
          "-571998177v2",
          "-2138666214v2"
        ],
        "Weight": 1,
        "WingtipOffset": 11.93
      }
    },
    "Xeno'vern": {
      "Original": {
        "Name": "Xeno'vern",
        "Creator": "Arctic",
        "Introducer": "Happyrobot33",
        "Hash": [
          "1303206076v2"
        ],
        "Weight": 1,
        "WingtipOffset": 4.53
      }
    },
    "Poison Wyvern": {
      "Original": {
        "Name": "Poison Wyvern",
        "Creator": "Rigel Kalani",
        "Introducer": "Happyrobot33",
        "Hash": [
          "-1364962744v2"
        ],
        "Weight": 1,
        "WingtipOffset": 5
      }
    },
    "Female Bat": {
      "Original": {
        "Name": "Female Bat",
        "Creator": "Ximmer",
        "Introducer": "Heather May",
        "Hash": [
          "372563141v2"
        ],
        "Weight": 1,
        "WingtipOffset": 3.5
      }
    },
    "Feilong": {
      "Original": {
        "Name": "Feilong",
        "Creator": "FLASTORE",
        "Introducer": "Heather May",
        "Hash": [
          "-582424562v2"
        ],
        "Weight": 1,
        "WingtipOffset": 5.5
      }
    },
    "Microbat": {
      "Original": {
        "Name": "Microbat",
        "Creator": "Neops",
        "Introducer": "Heather May",
        "Hash": [
          "1412374679v2"
        ],
        "Weight": 1,
        "WingtipOffset": 6.6
      }
    },
    "Toastacuga": {
      "Original": {
        "Name": "Toastacuga",
        "Creator": "Toastador",
        "Introducer": "Heather May",
        "Hash": [
          "291460065v2"
        ],
        "Weight": 1,
        "WingtipOffset": 0
      }
    },
    "Darizard": {
      "DarizardV1": {
        "Name": "Darizard",
        "Creator": "Darizard / Morghus / Nardoiri",
        "Introducer": "Darizard",
        "Hash": [
          "-1114545045v2"
        ],
        "Weight": 1,
        "WingtipOffset": 10.25
      }
    },
    "Rali'vala": {
      "Original": {
        "Name": "Rali'vala",
        "Creator": "Rali",
        "Introducer": "Heather May",
        "Hash": [
          "573259504v2"
        ],
        "Weight": 1,
        "WingtipOffset": 3.92
      }
    },
    "Ayakaze Tsubame": {
      "Original": {
        "Name": "Ayakaze Tsubame",
        "Creator": "konohitodayo",
        "Introducer": "Heather May",
        "Hash": [
          "19534400v2"
        ],
        "Weight": 1,
        "WingtipOffset": 8
      }
    },
    "Urabi": {
      "Original": {
        "Name": "Urabi",
        "Creator": "Kyubi",
        "Introducer": "Heather May",
        "Hash": [
          "1223900575v2"
        ],
        "Weight": 1,
        "WingtipOffset": 3.04
      }
    },
    "Freje": {
      "Original": {
        "Name": "Freje",
        "Creator": "Mochi",
        "Introducer": "Heather May",
        "Hash": [
          "1670100128v2"
        ],
        "Weight": 1,
        "WingtipOffset": 1.86
      }
    },
    "Bonjiri": {
      "Original": {
        "Name": "Bonjiri",
        "Creator": "Anagura Works",
        "Introducer": "Heather May",
        "Hash": [
          "-325536881v2"
        ],
        "Weight": 1,
        "WingtipOffset": 3.07
      }
    },
    "Sachi": {
      "Original": {
        "Name": "Sachi",
        "Creator": "Wilginia Box",
        "Introducer": "Heather May",
        "Hash": [
          "-2050530656v2"
        ],
        "Weight": 1,
        "WingtipOffset": 5.37
      }
    },
    "Floofvali": {
      "Original": {
        "Name": "Floofvali",
        "Creator": "Da Floof",
        "Introducer": "-Jinxy-",
        "Hash": [
          "-1417423972v2"
        ],
        "Weight": 1,
        "WingtipOffset": 2.48
      }
    },
    "Hoshi Avali": {
      "Original": {
        "Name": "Hoshi Avali",
        "Creator": "Raze_Drake / Vesper 3D",
        "Introducer": "Heather May",
        "Hash": [
          "-216750810v2"
        ],
        "Weight": 1,
        "WingtipOffset": 1.65
      },
      "Modified": {
        "Name": "Hoshi Avali - Ember's Edit",
        "Creator": "~EmberVR~ / Vesper 3D",
        "Introducer": "~EmberVR~",
        "Hash": [
          "526155575v2"
        ],
        "Weight": 1,
        "WingtipOffset": 1.65
      }
    },
    "Aviosaur": {
      "Original": {
        "Name": "Aviosaur",
        "Creator": "Furality / Sylva",
        "Introducer": "OrcaToaster",
        "Hash": [
          "-489620916v2"
        ],
        "Weight": 1,
        "WingtipOffset": 4.67
      }
    },
    "ScarletWindsurferWyvern": {
      "Original": {
        "Name": "Scarlet Windsurfer Wyvern",
        "Creator": "Slash0x",
        "Introducer": "Happyrobot33",
        "Hash": [
          "-1817490604v2",
          "202486027v2",
          "-1359631808v2"
        ],
        "Weight": 1,
        "WingtipOffset": 13.7
      }
    },
    "QC Avali": {
      "Original": {
        "Name": "QC Avali",
        "Creator": "QuestingCrusader/CL3NR",
        "Introducer": "Igneoun",
        "Hash": [
          "44657003v2"
        ],
        "Weight": 1,
        "WingtipOffset": 0
      }
    },
    "Paw'vali": {
      "Original": {
        "Name": "Paw'vali",
        "Creator": "TheRPGslayer",
        "Introducer": "Heather May",
        "Hash": [
          "-574142661v2"
        ],
        "Weight": 1,
        "WingtipOffset": 5.5
      }
    },
    "Gala'vali": {
      "Original": {
        "Name": "Gala'vali",
        "Creator": "Jupiturn",
        "Introducer": "NTM3193",
        "Hash": [
          "2119855112v2"
        ],
        "Weight": 1,
        "WingtipOffset": 5
      }
    },
    "Forge Raptor": {
      "Original": {
        "Name": "Forge Raptor",
        "Creator": "Eglantine/Drakious",
        "Introducer": "Eglantine",
        "Hash": [
          "1210770600v2"
        ],
        "Weight": 1,
        "WingtipOffset": 2
      }
    },
    "Novavern": {
      "Original": {
        "Name": "Novavern",
        "Creator": "Kittomatic / Morghus",
        "Introducer": "Morghus",
        "Hash": [
          "508437538v2"
        ],
        "Weight": 1,
        "WingtipOffset": 9.6
      }
    },
    "skip4d bat": {
      "Original": {
        "Name": "skip4d bat",
        "Creator": "skip4d",
        "Introducer": "Nanireid101",
        "Hash": [
          "1001172972v2"
        ],
        "Weight": 1,
        "WingtipOffset": 3
      }
    },
    "bento's vrchat bat": {
      "Original": {
        "Name": "bento's vrchat bat",
        "Creator": "bento!",
        "Introducer": "Nanireid101",
        "Hash": [
          "1596387254v2"
        ],
        "Weight": 1,
        "WingtipOffset": 8.81
      }
    },
    "The Unknown": {
      "Original": {
        "Name": "The Unknown",
        "Creator": "Crystalloid Cluster",
        "Introducer": "Nanireid101",
        "Hash": [
          "-749497358v2"
        ],
        "Weight": 1,
        "WingtipOffset": 2.86
      }
    },
    "Skipsy's Bat": {
      "Original": {
        "Name": "Skipsy's Bat",
        "Creator": "Skipsy Dragon",
        "Introducer": "Happyrobot33",
        "Hash": [
          "1497242661v2"
        ],
        "Weight": 1,
        "WingtipOffset": 7.59
      }
    },
    "Ashera Dragoncat": {
      "1.18": {
        "Name": "Ashera Dragoncat - Winged",
        "Creator": "Micca / Takomalynx",
        "Introducer": "Micca",
        "Hash": [
          "-951652582v2"
        ],
        "Weight": 1,
        "WingtipOffset": 9.35
      },
      "1.19": {
        "Name": "Ashera Dragoncat - Winged",
        "Creator": "Micca / Takomalynx",
        "Introducer": "Micca",
        "Hash": [
          "1057437118v2"
        ],
        "Weight": 1,
        "WingtipOffset": 8.6
      }
    },
    "Nox Wyvern": {
      "Original": {
        "Name": "Nox Wyvern",
        "Creator": "Sierrlen / Fluff Rali",
        "Introducer": "Micca",
        "Hash": [
          "-1165575725v2"
        ],
        "Weight": 1,
        "WingtipOffset": 7.99
      }
    },
    "Eld Phoenix": {
      "Original": {
        "Name": "Eld Phoenix",
        "Creator": "Nambroth",
        "Introducer": "Micca",
        "Hash": [
          "-1538087503v2"
        ],
        "Weight": 1,
        "WingtipOffset": 4.2
      }
    },
    "Spiri'vali": {
      "Beta": {
        "Name": "Spiri'vali Beta",
        "Creator": "Hiyu",
        "Introducer": "FunnelVision",
        "Hash": [
          "136290747v2"
        ],
        "Weight": 1,
        "WingtipOffset": 3.81
      },
      "Original": {
        "Name": "Spiri'vali",
        "Creator": "Hiyu",
        "Introducer": "Happyrobot33",
        "Hash": [
          "55850455v2"
        ],
        "Weight": 1,
        "WingtipOffset": 3.81
      }
    },
    "Little Blackbird": {
      "Original": {
        "Name": "Little Blackbird",
        "Creator": "hiddencateyes",
        "Introducer": "PhoenixFallen",
        "Hash": [
          "443427488v2"
        ],
        "Weight": 1,
        "WingtipOffset": 5.6
      }
    },
    "Avali Spirit": {
      "Original": {
        "Name": "Avali Spirit",
        "Creator": "DarkSpirit019",
        "Introducer": "DarkSpirit019",
        "Hash": [
          "-1601342637v2"
        ],
        "Weight": 1,
        "WingtipOffset": 9.19
      }
    },
    "Ori'Vali": {
      "Original": {
        "Name": "Ori'Vali",
        "Creator": "Mike Da Bird",
        "Introducer": "Polaris°",
        "Hash": [
          "-163082989v2"
        ],
        "Weight": 1,
        "WingtipOffset": 1.34
      }
    },
    "KAvali": {
      "Original": {
        "Name": "KAvali",
        "Creator": "Questing Crusader",
        "Introducer": "dasnull",
        "Hash": [
          "266521799v2",
          "927855988v2"
        ],
        "Weight": 1,
        "WingtipOffset": 4.75
      }
    },
    "AS.4VA-L1": {
      "Original": {
        "Name": "AS.4VA-L1",
        "Creator": "Aeyon Systems",
        "Introducer": "Polaris°",
        "Hash": ["-521218447v2"],
        "Weight": 1,
        "WingtipOffset": 3.5
      }
    },
    "Pteryxis": {
      "Original": {
        "Name": "Pteryxis",
        "Creator": "rocrocot",
        "Introducer": "Vexprimagen",
        "Hash": ["-868816976v2"],
        "Weight": 1,
        "WingtipOffset": 1.82
      }
    },
    "Purpzbee": {
      "Original": {
        "Name": "Purpzbee",
        "Creator": "Tokyozilla / Purpzie",
        "Introducer": "Purpzie",
        "Hash": ["-657967206v2"],
        "Weight": 1,
        "WingtipOffset": 10.5
      }
    }
  }
}
